Title	URL	ResourceType	Citation	PubDate	CollectDateStart	CollectDateEnd	Producer	Distributor	Description	DataMethodType	Longitudinal	TimeSpan	Country	GeographicRegion	AdminLevel	UnitAnalysis	Language	Themes	Subjects	Restrictions	Notes	AddedUpdated
Affirmatively Furthering Fair Housing (AFFH) Data	https://doi.org/10.3886/E102740V2	Dataset	United States. Department of Housing and Urban Development. Affirmatively Furthering Fair Housing (AFFH) Data. Ann Arbor, MI: Inter-university Consortium for Political and Social Research [distributor], 2018-08-16. https://doi.org/10.3886/E102740V2	2018	2016	2020	United States Department of Housing and Urban Development	Inter university Consortium for Political and Social Research ICPSR	Affirmatively Furthering Fair Housing (AFFH) is a legal requirement that federal agencies and federal grantees further the purposes of the Fair Housing Act. This obligation to affirmatively further fair housing has been in the Fair Housing Act since 1968 (for further information see Title VIII of the Civil Rights Act of 1968, 42 U.S.C. 3608 and Executive Order 12892). HUD's AFFH rule provides an effective planning approach to aid program participants in taking meaningful actions to overcome historic patterns of segregation, promote fair housing choice, and foster inclusive communities that are free from discrimination. As provided in the rule, AFFH means "taking meaningful actions, in addition to combating discrimination, that overcome patterns of segregation and foster inclusive communities free from barriers that restrict access to opportunity based on protected characteristics. Specifically, affirmatively furthering fair housing means taking meaningful actions that, taken together, address significant disparities in housing needs and in access to opportunity, replacing segregated living patterns with truly integrated and balanced living patterns, transforming racially and ethnically concentrated areas of poverty into areas of opportunity, and fostering and maintaining compliance with civil rights and fair housing laws. The duty to affirmatively further fair housing extends to all of a program participant's activities and programs relating to housing and urban development."	Quantitative	No		United States of America				English					2025-05-20
American Mosaic Project: A National Survey on Diversity	https://www.thearda.com/data-archive?fid=MOSAIC	Dataset	Hartmann, D., Edgell, P., & Gerteis, J. (2020, January 10). American Mosaic Project - A National Survey on Diversity.	2020	2003	2003	University of Wisconsin	The Association of Religion Data Archives	Multiyear, multi-method study of the bases of solidarity and diversity in American life. Designed to gather data on attitudes about race, religion, politics and American identity as well as demographic information and social networks.   	Quantitative	No		United States of America		Nation		English					2025-06-09
Longitudinal Study of Indigenous Children (LSIC)	https://ada.edu.au/lsic/	Dataset		2008					Follows the development of around 1,700 Aboriginal and Torres Strait Islander children and their families across urban, regional and remote Australia. It is one of the largest longitudinal studies of Indigenous people worldwide.  		Yes	2008-Present	Australia				English					2025-06-13
Annual Survey of Jails: Individual Reporting-Level Data (2007)	https://bjsasj.rti.org/	Dataset							The Annual Survey of Jails (ASJ) is the only data collection effort that provides an annual source of data on local jails and jail inmates. Data on the size of the jail population and selected inmate characteristics are obtained every 5 to 6 years from the Census of Jails. In each of the years between the full censuses, a sample survey of jails is conducted to estimate baseline characteristics of the Nation's jails and inmates housed in these jails. The ASJ supplies data on characteristics of jails such as admissions and releases, growth in the number of jail facilities, changes in their rated capacities and level of occupancy, growth in the population supervised in the community, changes in methods of community supervision, and crowding issues. Also provides information on changes in the demographics of the jail population, supervision status of persons held, and a count of non-citizens in custody. Used to track growth in the number of jails and the capacities nationally, changes in the demographics of the jail population and supervision status of persons held, the prevalence of crowding issues, and a count of non-United States citizens within the jail population.  	Quantitative	Yes		United States of America				English					2025-06-12
Indigenous Peoples and Afro-descendants in Latin America and the Caribbean Data bank - PIAALC	https://www.cepal.org/es/temas/pueblos-indigenas-afrodescendientes	Dataset							Contains different subsystems of information that were created on the basis of several projects developed by the Division in recent years. Includes statistics on population, education, health, labor, and migration.   	Quantitative			Bolivia; Brazil; Chile; Colombia; Costa Rica; Ecuador; Guatemala; Honduras; Mexico; Nicaragua; Panama; Paraguay; Peru; Uruguay; Venezuela									2025-06-20
Ethnologue: Languages of the World	https://www.ethnologue.com/	Dataset		1951-Present	1951				An encyclopedic reference work cataloging all of the world's 6,909 known living languages. Searchable by country, language size, and language family.  	Quantitative	Yes	1951- Present	Global				English					2025-07-16
Rise of Ethnic Politics in Latin America	https://doi.org/10.5064/F6MS3QNV	Dataset		2016	2002	2012		Qualitative Data Repository	This research, which was eventually published in a 2012 book by Cambridge University Press entitled The Rise of Ethnic Politics in Latin America, focused on the emergence of indigenous parties in Latin America. Specifically, it sought to explain why some parties based in the indigenous population succeeded while others failed.	Qualitative	No	1980-2012	Bolivia; Ecuador; Guatemala	Latin America and the Caribbean			Spanish; Castilian	Movements	protest movements			
Survey on the Vitality of Official Language Minorities (2006) [Canada]	https://doi.org/10.5683/SP3/NTNUUB	Dataset		2007	2006	2006	Statistics Canada	Odesi	Pertains to the vitality of Canada's official-language minorities, namely English-speakers in Quebec and French-speakers outside Quebec. The information collected allows for a more in-depth understanding of the current situation of individuals who belong to these groups on priority issues such as instruction in the language of the minority or access to different services in the language of the minority (i.e., health care), as well as language practices both at home and outside of the home. The survey's target population consists of 2 groups: persons under the age of 18 in households where at least one parent belongs to the official-language minority and persons aged 18 and over who belong to the official-language minority in the 10 provinces and the 3 territories. Persons living in collective dwellings and on Indian reserves are excluded.   	Quantitative	No		Canada		Province	Individual	English					2025-07-16
U. S. Census - IPUMS.  1850+	https://usa.ipums.org/usa/	Data Database	IPUMS USA, University of Minnesota, www.ipums.org.	2000	1850		University of Minnesota	IPUMS	IPUMS USA (originally, the "Integrated Public Use Microdata Series") is a website and database providing access to over sixty integrated, high-precision samples of the American population drawn from sixteen federal censuses, from the American Community Surveys of 2000-present, and from the Puerto Rican Community Surveys of 2005-present. 	Quantitative	Yes	1850-Present	United States of America	Northern America	Census Section	Individual	English	Demographic and Vital Statistics		Yes	Microdata prior to 2000 is limited	2025-07-16
American Indian mortality project, 1969-1971 	https://dss.princeton.edu/catalog/resource2337	Dataset	Klimas, A. C. (1981). American Indian mortality project, 1969-1971. Ann C. Klimas [distributor].	1981	1969	1971	Ann C Klimas	Princeton University		Quantitative	Yes	1969-1971	United States of America									
Gates Millennium Scholars (GMS) Data	https://www.icpsr.umich.edu/web/ICPSR/series/00261	Dataset		1999	1999	2016	Bill and Melinda Gates Foundation	Inter university Consortium for Political and Social Research ICPSR	Includes the Gates Millennium Scholars (GMS) and the Washington State Achievement (WSA) scholars data. Both sets of data were cross-sectional and followed respondents over a period of years and longitudinal. The goal of the GMS data was to gather data on the lives of scholars and selected non-recipients in order to analyze the effects on the educational, civic, and personal lives of selected sample members. Respondents in the GMS data had to (1) be of African American, American Indian/Alaska Native, Asian American, Hispanic/Latino, or Pacific Islander background; (2) be full-time students entering college or university; (3) have a GPA of at least 3.3 on a 4.0 scale; (4) be eligible for Pell Grants; (5) be leaders in community service, extracurricular, or other activities.     The goal of the WSA data was to measure the impact of the scholarship on the life outcomes of recipient students compared to non-recipient students. The outcomes examined are (1) matriculation into a college/university, (2) type of institution of higher education, (3) if Achievers were able to eliminate the need to work for pay (other than work-study awards), and (4) if Achievers were able to eliminate/reduce the need for student loans. Respondents were students at one 16 selected high schools in Washington State as they redesigned their schools in order to increase academic achievement for all of their students. 	Quantitative			United States of America		English							
Early Learning Mentor Coach Study (ELMC), 2010-2012 [42 States]	https://www.childandfamilydataarchive.org/cfda/archives/cfda/studies/36852	Dataset	Howard, Eboni C., Rankin, Victoria E., Fishman, Mike, Hawkinson, Laura E., McGroder, Sharon M., Helsel, Fiona K., … Wille, Jessica. Early Learning Mentor Coach Study (ELMC), 2010-2012 [42 States]. Inter-university Consortium for Political and Social Research [distributor], 2017-09-21. https://doi.org/10.3886/ICPSR36852.v1	2017				Inter university Consortium for Political and Social Research ICPSR		Quantitative			United States of America				English					
Indigenous People's Survey	https://www150.statcan.gc.ca/n1/en/surveys/3250	Dataset		1991-Present			Statistics Canada	Statistics Canada	Data on the social and economic conditions of Aboriginal people in Canada. Identifies the needs of Aboriginal people and focus on issues such as health, language, employment, income, schooling, housing, and mobility. 	Quantitative	No	1991-Present	Canada		Province	Individual	English	Indigenous Peoples				2025-07-16
The Residential Schools Land Memory Atlas	https://residentialschoolsatlas.org/index.html?module=module.residential_schools	Dataset		2024					The Residential Schools Land Memory Atlas is the digital aspect of a five-year project funded by the Social Sciences and Humanities Research Council (SSHRC). The project emerged from collaborative research in partnership with the Shingwauk Residential Schools Centre (SRSC) to create the cybercartographic Lake Huron Treaty Atlas (LHTA; lhta.ca)	Mixed	No	1820-2024	Canada				English, French	Indigenous Peoples	education	No		2026-01-08
National Survey on Drug Use and Health (NSDUH) Series (1979+)	https://www.samhsa.gov/data/data-we-collect/nsduh-national-survey-drug-use-and-health	Dataset							Formerly titled National Household Survey on Drug Abuse. Strives to provide accurate data on the level and patterns of licit and illicit drug use, track trends in the use of alcohol and various types of drugs, assess the consequences of drug use and abuse, and identify groups with a high risk for drug abuse to assess and monitor the nature of drug and alcohol use and the consequences of abuse. Primarily measures drug and alcohol use incidence and prevalence among the general civilian population aged 12 and older in the United States. Questions include age at first use, as well as lifetime, annual, and past-month usage for the following drugs: alcohol, marijuana, cocaine (including crack), hallucinogens, heroin, inhalants, tobacco, pain relievers, tranquilizers, stimulants, and sedatives. Covers substance abuse treatment history and perceived need for treatment, and includes questions from the Diagnostic and Statistical Manual (DSM) of Mental Disorders that allow diagnostic criteria to be applied. Respondents were also asked about personal and family income sources and amounts, health care access and coverage, illegal activities and arrest record, problems resulting from the use of drugs, perceptions of risks, and needle-sharing. Demographic data include gender, race, age, ethnicity, educational level, job status, income level, veteran status, household composition, and population density.&nbsp;&nbsp; While geography is not available at the individual level, some cross tabulations can be found for select variables in which cell sizes are sufficient at the state level through <a href="https://rdas.samhsa.gov/#/">RDAS</a>.&nbsp; In addition <a href="https://www.samhsa.gov/data/all-reports?f[]=field_location:6313&amp;order=desc&amp;sort=field_date_printed_on_report&amp;page=0">reports</a> exist at the state level.  	Quantitative	No		United States of America				English					2026-01-08
Aboriginal and Torres Strait Islander Data Archive	https://www.atsida.edu.au/	Dataset							Archive of data sets on the aboriginal people of Australia and the Torres Strait. 	Quantitative			Australia				English					2026-01-13
World Values Survey (WVS)	https://www.worldvaluessurvey.org/wvs.jsp	Dataset			1981		World Values Survey Association	World Values Survey Association	Designed to enable a crossnational comparison of values and norms on a wide variety of topics and to monitor changes in values and attitudes across the globe. A variety of questions on religion and morality were included. Coverage includes: Albania - 1998, 2002; Algeria - 2002, 2014; Andorra - 2005, 2018; Argentina - 1991, 1995, 1999, 2006, 2013, 2017; Armenia - 1997, 2011; Australia - 1995, 2005, 2012, 2018; Austria - 1990, 1999; Azerbaijan - 1997, 2011-2012; Bahrain (2014); Bangladesh - 1996, 2002, 2018; Belarus - 1996, 2000, 2011; Belgium - 1981, 1990, 1999; Bolivia - 2017; Bosnia and Herzegovinia - 1998, 2001; Brazil - 1990, 1997, 2006, 2014, 2018; Bulgaria - 1990, 1997, 1999, 2006; Burkina Faso - 2007; Canada - 1982, 1990, 2000, 2006; Chile - 1990, 1996, 2000, 2006, 2018; China - 1990, 1995, 2001, 2006, 2012, 2018; Colombia - 1998, 2005, 2012, 2018; Croatia - 1996, 1999; Cyprus - 2006, 2011, 2019; Czech Republic - 1991, 1998, 1999; Denmark - 1981, 1990, 1999; Dominican Republic - 1998; Ecuador - 2013, 2018; Egypt - 2000, 2008, 2012, 2018; El Salvador - 1999; Estonia - 1990, 1996, 1999, 2011; Ethiopia - 2007, 2020; Finland - 1990, 1996, 2000, 2005; France - 1981, 1990, 1999, 2006; Georgia - 1996, 2008, 2014; Germany - 2006, 2013, 2017; Germany East - 1990, 1997; Germany West - 1981, 1990, 1997; Ghana - 2007, 2011; Great Britain - 1981, 1990, 1998, 1999 (also see United Kingdom); Greece - 1999, 2017; Guatemala - 2019; Hong Kong - 2005, 2013, 2018; Hungary - 1991, 1998, 1999; Iceland - 1984, 1990, 1999; India - 1990, 1996, 2001, 2006, 2014; Indonesia - 2001, 2006, 2018; Iran - 2003, 2005, 2020; Iraq - 2006, 2013, 2018; Ireland - 1981, 1990, 1999; Israel - 2001; Italy - 1981, 1990, 1999, 2005; Japan - 1990, 1995, 2000, 2005, 2010, 2019; Jordan - 2007, 2014, 2018; Kazakhstan - 2011, 2018; Kuwait - 2014; Kyrgyzstan - 2003, 2011, 2019; Lativa - 1990, 1996, 1999; Lebanon - 2013, 2018; Libya - 2014; Lithuania - 1990, 1997, 1999; Luxembourg - 1999; Macau 2019; Macedonia - 1998, 2001; Malaysia - 2006, 2011, 2018; Mali - 2007; Malta - 1983, 1991, 1999; Mexico - 1995, 1996, 2000, 2005, 2012, 2018; Moldova - 1996, 2006; Montenegro - 1996, 2001; Morocco - 2001, 2007, 2011; Myanmar 2020; Netherlands - 1981, 1990, 1999, 2006, 2012; New Zealand - 1998, 2004, 2011, 2019; Nicaragua - 2019; Nigeria - 1990, 1995, 2000, 2011, 2018; Northern Ireland - 1981, 1999 (also see United Kingdom); Norway - 1990, 1996, 2007; Pakistan - 1997, 2001, 2012, 2018; Palestine - 2013; Peru - 1995, 2001, 2006, 2012, 2018; Philippines - 1996, 2001, 2012, 2019; Poland - 1990, 1997, 1999, 2005, 2012; Portugal - 1990, 1999; Puerto Rico - 1995, 2001, 2018; Qatar- 2010; Romania - 1993, 1998, 1999, 2005, 2012, 2017; Russia - 1996, 1999, 2006, 2011, 2017; Rwanda - 2007, 2012; Saudi Arabia - 2003; Serbia - 1996, 2001, 2006, 2017; Singapore - 2002, 2012; Slovakia - 1991, 1998, 1999; Slovenia - 1992, 1995, 1999, 2005, 2011; South Africa - 1990, 1996, 2001, 2006, 2013; South Korea - 1980, 1990, 1996, 2001, 2005, 2010, 2018; Spain - 1981, 1990, 1995, 1999, 2000, 2007, 2011; Sweden - 1990, 1996, 1999, 2006, 2011; Switzerland - 1989, 1996, 2007; Taiwan - 1995, 2006, 2012, 2019; Tajikstan - 2020; Tanzania - 2001; Thailand - 2007, 2013, 2018; Trinidad and Tobago - 2006, 2010; Tunisia - 2019; Turkey - 1990, 1997, 2001, 2007, 2011, 2018; Uganda - 2001; Ukraine - 1996, 1999, 2006, 2011; United Kingdom - 2006 (also see Great Britain and Northern Ireland); United States - 1982, 1990, 1995, 2000, 2006, 2011, 2017; Uruguay - 1996, 2006, 2011; Uzbekistan - 2011; Venezuela - 1996, 2000; Vietnam - 2001, 2006, 2020; Yemen - 2014; Zambia - 2007; and Zimbabwe - 2001, 2011, 2020.  	Quantitative		1981-Present	Global									2026-01-13
Historical, Demographic, Economic, and Social Data: The United States, 1790-2002	https://www.icpsr.umich.edu/web/ICPSR/studies/2896	Dataset	Haines, Michael R., and Inter-university Consortium for Political and Social Research. Historical, Demographic, Economic, and Social Data: The United States, 1790-2002. Inter-university Consortium for Political and Social Research [distributor], 2010-05-21. https://doi.org/10.3886/ICPSR02896.v3	2010	1790	2002		Inter university Consortium for Political and Social Research ICPSR	Contains detailed county and state-level ecological and descriptive data for the United States for the years 1790 to 2002. &nbsp; Parts 1-41 contain data from the 1790-1970 censuses. They include extensive information about the social and political character of the United States, including a breakdown of population by state, race, nationality, number of families, size of the family, births, deaths, marriages, occupation, religion, and general economic condition. Parts 42 and 43 contain data from the 1840 and 1870 Censuses of Manufacturing, respectively. These files include information about the number of persons employed in various industries and the quantities of different types of manufactured products. Parts 44-50 provide county-level data from the United States Census of Agriculture for 1840 to 1900. They also include the state and national totals for the variables. The files provide data about the number, types, and prices of various agricultural products. Parts 51-57 contain data on religious bodies and church membership for 1906, 1916, 1926, 1936, and 1952, respectively. Parts 58-69 consist of data from the CITY DATA BOOKS for 1944, 1948, 1952, 1956, 1962, 1967, 1972, 1977, 1983, 1988, 1994, and 2000, respectively. These files contain information about population, climate, housing units, hotels, birth and death rates, school enrollment and education expenditures, employment in various industries, and city government finances. Parts 70-81 consist of data from the COUNTY DATA BOOKS for 1947, 1949, 1952, 1956, 1962, 1967, 1972, 1977, 1983, 1988, 1994, and 2000, respectively. These files include information about population, employment, housing, agriculture, manufacturing, retail, services, trade, banking, Social Security, local governments, school enrollment, hospitals, crime, and income. Parts 82-84 contain data from USA COUNTIES 1998. Due to the large number of variables from this source, the data were divided into into three separate data files. Data include information on population, vital statistics, school enrollment, educational attainment, Social Security, labor force, personal income, poverty, housing, trade, farms, ancestry, commercial banks, and transfer payments. Parts 85-106 provide data from the United States Census of Agriculture for 1910 to 2002. They provide data about the amount, types, and prices of various agricultural products. Also, these datasets contain extensive information on the amount, expenses, sales, values, and production of farms and machinery.		Yes	1790-2002	United States of America				English					2026-01-13
Head Start Family and Child Experiences Survey (FACES) (1997+)	https://www.childandfamilydataarchive.org/cfda/cfda/series/236	Dataset			1997			Inter university Consortium for Political and Social Research ICPSR	Periodic, ongoing longitudinal study of program performance. Successive nationally representative samples of Head Start children, their families, classrooms, and programs provide descriptive information on the population of children and families served; staff qualifications, credentials, and opinions; Head Start classroom practices and quality measures; and child and family outcomes. Includes a battery of child assessments across multiple developmental domains (cognitive, social, emotional, and physical).    Also periodically includes a special sample of American Indians and Alaskan Natives.&nbsp; Historically there has been little information about children attending Region XI Head Start programs (programs operated by federally recognized tribes); however, in 2015 the first AIAN FACES study provided a national picture of children, families, and programs in Region XI.&nbsp; AIAN FACES 2019 is the second round of this national study of Region XI Head Start children and families and their experiences in Head Start programs and classrooms. 	Quantitative	Yes	1997-Present	United States of America				English					2026-01-13
National Medical Expenditure Survey (1977+)	https://www.ahrq.gov/data/meps.html	Dataset			1977		Agency for Healthcare Research and Quality	Agency for Healthcare Research and Quality	Information on health expenditures by or on behalf of families and individuals, the financing of these expenditures, and each person's use of services.  For historical, use ICPSR.    https://www.icpsr.umich.edu/web/ICPSR/series/45	Quantitative	Yes	1977-Present	United States of America				English					2026-01-13
Reports of the American Indian Family History Project, 1885-1930	https://www.icpsr.umich.edu/web/ICPSR/studies/3576	Dataset	Hoxie, Frederick E., Sattler, Richard A., and Shoemaker, Nancy. Reports of the American Indian Family History Project, 1885-1930. Inter-university Consortium for Political and Social Research [distributor], 2007-03-27. https://doi.org/10.3886/ICPSR03576.v2	2007	1885	1930		Inter university Consortium for Political and Social Research ICPSR	Aimed at examining demographic trends among Native Americans families during the late 1800s and early 1900s utilizing census data, collected by the Bureau of Indian Affairs (BIA) and the Census Bureau. Specifically, this study observed the behavior of Native American families from the Colville, Creek, Crow, Hopi, and White Earth Chippewa tribes at the time of the 1885, 1900, 1910, and 1930 censuses, although data were not available for all tribes in all years. Common among each dataset in the collection are variables on the respondent&#39;s age, sex, and family size. Also appearing in each dataset in the collection are variables describing the respondent&#39;s relation to the head of his or her household, number of children born to the respondent, and the familial status of the respondent&#39;s mother, father, and spouse. The data from 1900 and 1910 include socioeconomic variables relating to occupation, education, and home ownership. Also unique to the 1900 and 1910 data are variables that more specifically categorize the race and ethnicity of the respondent. Language and marital status variables appear in the 1900, 1910, and 1930 data as well. 	Quantitative	Yes	1885-1930	United States of America				English					2026-01-13
Survey of Business Owners and Self-Employed Persons/ Annual Business Survey	https://www.census.gov/programs-surveys/sbo.html 	Dataset			1992	2012	U.S. Census Bureau		Allows researchers to create customized tables and models and to study entrepreneurial activity and the relationships between business characteristics such as access to capital, firm size, employer-paid benefits, minority- and women-ownership, and firm age. Includes national- and state-level data and detailed characteristics of businesses and their owners while protecting the confidentiality of survey respondents. See SBO data tables here: https://www.census.gov/programs-surveys/sbo/data/tables.html?text-list-63b3002fa9%3Atab=all#text-list-63b3002fa9  	Quantitative	Yes	1992-2012	United States of America				English					2026-01-13
Civil Rights Data Collection (CRDC) (2013-2014)	https://www.datalumos.org/datalumos/project/100445/	Dataset							Since 1968, the CRDC, formerly the Elementary and Secondary School Survey, has collected data on key education and civil rights issues in our nation&#39;s public schools. Collects information about school characteristics and about programs, services, and outcomes for students. Most student data are disaggregated by race/ethnicity, sex, limited English proficiency (LEP), and disability. Response to the biennial survey is required by law. The 2013&ndash;14 CRDC collected data from the universe of all public school districts, also referred to as local education agencies (LEAs), and schools, including long-term secure juvenile justice facilities, charter schools, alternative schools, and schools serving students with disabilities. Data were collected for the 2013-14 school year. Data collection began in April 2015 and ended on January 8, 2016. Data from the 2000, 2004, 2006, 2009-10, 2011-12, 2013-14, 2015-2016, 2017-2018, and 2020-2021 CRDC surveys are available in the CRDC reporting tool at <a href="https://civilrightsdata.ed.gov/data" onmousedown="_sendEvent('Outbound','ocrdata.ed.gov','/',0);">https://civilrightsdata.ed.gov/data</a>. Also see <a href="https://www.datalumos.org/datalumos/project/103004">2015-2016</a>. Also includes limited historical data from <a href="https://civilrightsdata.ed.gov/archive">1968-1998</a>. 	Quantitative			United States of America				English					2026-01-13
Covid Racial Data Tracker	https://covidtracking.com/race	Dataset							Covid-19 cases by state by race.	Quantitative			United States of America				English					2026-01-13
Opportunity Insights	https://opportunityinsights.org/data/	Dataset							Publicly available datasets that allow analysis of social mobility and a variety of other outcomes from life expectancy to patent rates by neighborhood, college, parental income level, and racial background. Can search for datasets by geographic level (e.g., Census tracts), by topic (e.g., education), or by the title of the paper. 	Quantitative			United States of America				English					2026-01-13
Resource Center for Minority Data (RCMD)	https://www.icpsr.umich.edu/web/pages/RCMD/index.html	Dataset							Provides data resources for the comparative analysis of issues affecting racial and ethnic minority populations in the United States. 	Quantitative			United States of America				English					2026-01-13
Home mortgage disclosure - HMDA	https://www.consumerfinance.gov/data-research/hmda/	Dataset							Requires many financial institutions to maintain, report, and publicly disclose loan-level information about mortgages. These data help show whether lenders are serving the housing needs of their communities; they give public officials information that helps them make decisions and policies; and they shed light on lending patterns that could be discriminatory. The public data are modified to protect applicant and borrower privacy.	Quantitative			United States of America				English					2026-01-13
Annual Survey of Jails in Indian Country (1998+)	https://bjs.ojp.gov/data-collection/annual-survey-jails-indian-country-sjic	Dataset							Purpose was to gather data on all adult and juvenile jail facilities and detention centers in Indian reservations, pueblos, rancherias, and other Native American and Alaska Native communities throughout the United States. Provides data on the number of inmates, staffing, and facility characteristics and needs of all confinement facilities operated by tribal authorities or the Bureau of Indian Affairs. 	Quantitative			United States of America				English					2026-01-13
Ethnic Diversity Survey (Canada) (2002)	https://www150.statcan.gc.ca/n1/en/catalogue/89M0019X	Dataset							Survey on ethnicity, its various dimensions and related issues of changing cultural diversity in Canada. Topics covered in the survey include ethnic ancestry, ethnic identity, place of birth, visible minority status, religion, religious participation, knowledge of languages, family background, family interaction, social networks, civic participation, interaction with society, attitudes, satisfaction with life, trust and socio-economic activities. The target population for the main survey are persons aged 15 years or over living in private households in the 10 provinces. The population does not include persons living in collective dwellings, persons living on Indian reserves, persons declaring an Aboriginal origin or identity in the 2001 Census, or persons living in Northern and remote areas.	Quantitative			Canada									2026-01-13
Minorities at Risk (MAR) Project (1945+)	http://www.mar.umd.edu/mar_data.asp	Dataset							Tracks 284 politically-active ethnic groups throughout the world -- identifying where they are, what they do, and what happens to them. Focuses specifically on ethnopolitical groups, non-state communal groups that have political significance in the contemporary world because of their status and political actions. Political significance is determined by: (1) The group collectively suffers, or benefits from, systematic discriminatory treatment compared to other groups in a society and (2) The group is the basis for political mobilization and collective action in defense or promotion of its self-defined interests. 	Quantitative												2026-01-13
Drug Use Among Young American Indians: Epidemiology and Prediction, 2001-2006 and 2009-2013	https://www.icpsr.umich.edu/web/NAHDAP/studies/35062	Dataset							Annual surveillance effort assessing the levels and patterns of substance use among American Indian (AI) adolescents attending schools on or near reservations. In addition to annual epidemiology of substance use, data pertaining to the normative environment for adolescent substance use were also obtained. Contains 527 variables for 16,590 students in grades 7 to 12. 	Quantitative			United States of America				English					2026-01-13
American Community Survey (ACS) (1996+)	https://www.census.gov/programs-surveys/acs	Dataset							Nationwide survey designed to provide communities with a fresh look at how they are changing. 2005 is the first full year. Prior years were small test runs. Replaces the decennial long form. Tells us what the population looks like and how it lives. Includes occupancy status, homeownership data, and housing cost data.  	Quantitative			United States of America				English					2026-01-13
Census of Tribal Justice Agencies, 2002	https://bjs.ojp.gov/library/publications/census-tribal-justice-agencies-indian-country-2002	Dataset							Compiles data on the law enforcement, courts and administration, corrections and intermediate sanctions, criminal history records, and justice statistics of the federally recognized American Indian tribal governing bodies. The data determine which tribes have sworn law enforcement personnel and the source of authority, what the number and type of tribal court systems are, who performs the tribal detention function and what types of sanctions are imposed. It also looks at whether tribes have access to state and national criminal record systems. 	Quantitative			United States of America				English					2026-01-13
U.S. County Populations by Single Years of Age, Sex, and Race, 1970, 1980, 1990 	https://www.icpsr.umich.edu/icpsrweb/ICPSR/studies/37115	Dataset							These files were prepared by the U.S. Census Bureau in response to a special request. Contain the census populations (April 1 in each year) for 1970, 1980, and 1990 by county, single years of age, sex, and race. These are the original tabulations made by the U.S. Census Bureau. They represent the short form data, which is the complete count. The state and national totals were added. The numbers for 1970 differ from the published tables. It seems that the 1970 final data were corrected after the published tables were set into print. The 1980 and 1990 results are the same as the published tables. 	Quantitative			United States of America				English					2026-01-13
Study of Tribal and Alaska Native Juvenile Justice Systems in The United States, 1990 	https://www.icpsr.umich.edu/web/NACJD/studies/9772	Dataset							Focuses on juvenile justice systems administered by federally recognized Indian tribes throughout the United States. Responses were received from 93 tribes who indicated that they administered some form of juvenile justice system and from 57 tribes who indicated that they did not. Variables in the data collection include number of Indian juveniles aged 10-17 in the jurisdiction, types of cases that the juvenile justice system exercised jurisdiction over, type of court (tribal, state, federal), annual budget and sources of funds for the court, number of court personnel, types of legal statutes covering court activities, kinds of diversionary options available to the court, and the circumstances under which juveniles were held with adults. A separate file on juvenile offense rates according to tribe is provided. 	Quantitative			United States of America				English					2026-01-13
IPUMS-International Census Data	https://international.ipums.org/international/	Dataset							Project dedicated to collecting and distributing census data from around the world. 	Qualitative												2026-01-13
Diversitydata.org	http://diversitydata.org/	Dataset							Allows visitors to explore how metropolitan areas throughout the U.S. perform on a diverse range of social measures. These data call attention to the equality of opportunity and diversity of experiences for different racial and ethnic groups in the United States. 	Quantitative			United States of America				English					2026-01-13
Los Angeles County Social Survey  (LACSS) (1992-1998)	https://www.icpsr.umich.edu/web/ICPSR/search/studies?q=%22Los+Angeles+County+Social+Survey%22	Dataset							Conducted between February and April 1993. Los Angeles County residents were asked questions concerning ethnic relations, social dominance, inequality, poverty, government, and the LA riots. Demographic information collected includes race/ethnic identity, gender, religion, age, education level, occupation, birth place, political party affiliation and ideology, marital status, income, and origin of ancestry. 	Quantitative			United States of America				English					2026-01-13
National Race and Politics Survey (1991)	https://sda.berkeley.edu/sdaweb/analysis/?dataset=natlrace	Dataset						University of California Berkeley	Nationwide random-digit telephone survey carried out by the Survey Research Center of the University of California, Berkeley. A mailback survey of willing respondents to the telephone survey was also carried out. Data from the mailback survey are also included in the data file. The telephone and mailback surveys included many questions related to racial attitudes and political orientation. There were also many questions on values, personality measures, and goals. A multi-disciplinary research team planned the survey and developed the questionnaire. The telephone interview was a computer-assisted survey that incorporated many randomized experiments, including vignettes and unobtrusive measures.	Quantitative	No		United States of America		State	Individual	English					2026-01-13
National Survey of American Life: Multi-Generational and Caribbean Cross-Section Studies, Guyana, Jamaica, [United States], 2004-2005	https://www.icpsr.umich.edu/web/ICPSR/studies/36406	Dataset							The study National Survey of American Life: Multi-Generational and Caribbean Cross-Section Studies also known as the Family Connections Across Generations and Nations is a follow-up to the National Survey of American Life (NSAL): Coping With Stress in the 21st Century, the baseline study which interviewed 6,200 adults and 1,200 adolescents in households of African Americans, non-Hispanic Whites, and Blacks of Caribbean descent.	Quantitative			Guyana; Jamaica; United States of America									2026-01-13
Political Leaders' Affiliation Database 	https://sites.google.com/view/lennart-kaplan/data	Dataset								Quantitative												2026-01-13
Portraits of American Life Study (PALS) (2006, 2012)	https://www.thearda.com/data-archive/browse-categories?cid=C-A-A-J#C-A-A-J	Dataset							This study examines influences of family life on people's satisfaction with their lives and their health and general well-being. Specifically, it investigates family and inter-generational processes, with a special emphasis on contextual and structural influences on relationships as they affect individual and family health and well-being across, and within, ethnically and nationally diverse population samples.	Quantitative			United States of America				English					2026-01-13
Mortality in Correctional Institutions (MCI) Series (Formerly Deaths In Custody Reporting Program (DCRP)) 	https://bjs.ojp.gov/taxonomy/term/mortality-correctional-institutions-mci	Dataset								Quantitative			United States of America				English					2026-01-13
Data and Code for: Pandemic Protocols, Native Nutrition: Grocery Store Access from American Indian Reservation during COVID-19	https://www.openicpsr.org/openicpsr/project/137321	Dataset							Categories of variables include sections on neighborhood, health, social support, depression, social support, mental health episodes (such as depression and mania), substance use, tobacco use, discrimination, and interviewer observations. Demographic variables include the race and ethnicity of the respondent and their spouse, racial background of parents, education, employment, volunteerism, and family income.	Quantitative			United States of America				English					2026-01-13
Covid Tracking Project	https://covidtracking.com/	Dataset							The COVID Tracking Project was a volunteer organization launched from  The Atlantic  and dedicated to collecting and publishing the data required to understand the COVID-19 outbreak in the United States.&nbsp; As of <strong>March 7, 2021</strong> no longer collecting new data. <a href="https://covidtracking.com/analysis-updates/federal-covid-data-101-how-to-find-data">Learn about available federal data</a>. 	Quantitative			United States of America				English					2026-01-13
Data and Code for: Secured Transactions Laws and Economic Development on American Indian Reservations	https://www.openicpsr.org/openicpsr/project/137242	Dataset							Compared the economic benefits of adopting selectively modified secured transactions laws relative to the benefits of adopting approximately uniform state transaction laws.	Quantitative			United States of America				English					2026-01-13
Data and Code for: Custom Elections and Local Policies: The Case of Canada's First Nations	https://www.openicpsr.org/openicpsr/project/137961	Dataset							Examined the effect of community-designed electoral codes on Canadian First Nation communities. Adopting a custom code for local elections allows for changes such as increasing term duration, creating appeal and supervisory bodies, and incorporating traditional governance elements. To reduce biases due to selective opt-in, we exploit the timing of the electoral reform and a rich set of controls. We find that bands using the custom system pay lower remunerations to their chiefs, spend more on education and training and less on band development, and have better waste-water services. These results are consistent with increased accountability and less short-termism.	Quantitative			Canada									2026-01-13
Opportunity Atlas	https://opportunityatlas.org/	Dataset							Mapping interface and data source that looks at children's outcomes in adulthood. Estimates children's earnings distributions, incarceration rates, and other outcomes in adulthood by parental income, race and gender for every census tract in the United States.  	Quantitative			United States of America				English					2026-01-13
Murray Research Archive - Diversity Archive (Race, Ethnicity, Sexual Orientation, Religion)	https://dataverse.harvard.edu/dataverse/mra	Dataset							Consists of numerous studies with racially and ethnically diverse samples. Also houses a number of studies focusing on specific ethnic groups and on ethnic relations.  Application may need to be made directly to the Murray Research Archive for permission to use the data. 	Quantitative			United States of America				English					2026-01-13
Executions in the United States, 1608-2002: The ESPY File	https://www.icpsr.umich.edu/web/NACJD/studies/8451	Dataset							Furnishes data on executions performed under civil authority in the United States between 1608 and 2002. Describes each individual executed and the circumstances surrounding the crime for which the person was convicted. Variables include age, race, name, sex, and occupation of the offender, place, jurisdiction, date, and method of execution, and the crime for which the offender was executed. Also recorded are data on whether the only evidence for the execution was official records indicating that an individual (executioner or slave owner) was compensated for an execution. 	Quantitative	No		United States of America				English					2026-01-13
Substance Use Among American Indian Youth: Epidemiology and Etiology, [United States], 2015-2020	https://www.icpsr.umich.edu/web/NAHDAP/studies/37997	Dataset							This study is a continuation of an ongoing 40+ year surveillance effort assessing the levels and patterns of substance use among American Indian (AI) adolescents attending schools on or near reservations. The current set of data is from the most recent funding cycle, 2015-2020. During this funding cycle, annual samples across various geographic regions in which reservation-based AI residents reside were obtained and school-based surveys were completed. In addition to the annual epidemiology of substance use, data pertaining to risk and protective factors, including cultural-ethnic identity, perceived discrimination, family factors, and individual risk and protective factors were obtained. 	Quantitative	No		United States of America				English					2026-01-13
Data and Code for Gaming Opportunities: American Indian Casinos, Cash Transfers, and Income Mobility on the Reservation	https://www.openicpsr.org/openicpsr/project/136562/	Dataset							Panel dataset at the individual level for primary and secondary tax filers residing on AI reservations in 1989. This initial year predates the entry of most tribal governments into the Indian gaming industry; the vast majority of tribal casinos began operations after 1989. Examined the effect of casino operations and cash distribution payments from casino revenues on the income-rank evolution of these individuals over time.1 Year-by-year income rank is calculated for each year within each filers' year-of-birth cohort, and we control for time-varying filing status, household structure, and geographic residence in all analyses. Results indicate that casino operations provide an unambiguous increase in family income rank for those residing on reservations with an operating casino relative to those on reservations without a casino. On average, found that the presence of an operating casino increases relative income rank by half a percentage point. 	Quantitative	No		United States of America				English					2026-01-13
California Health Interview Survey (2003+)	https://healthpolicy.ucla.edu/chis/Pages/default.aspx	Dataset							Nation's largest state health survey and a critical source of data on Californians as well as on the state's various&nbsp;racial and ethnic groups.	Quantitative	No		United States of America				English					2026-01-13
Fatal Encounters Database, United States, 2000-present	https://fatalencounters.org/	Dataset							Aims to document all deaths through police interaction in the United States since Jan. 1, 2000. Includes any non-police deaths that occur when police are present or are precipitated by police action or presence.	Quantitative	No		United States of America				English					2026-01-13
National Health Interview Survey  (1963+)	https://www.cdc.gov/nchs/nhis/data-questionnaires-documentation.htm	Dataset							Formerly titled the  Health Interview Surveys. Obtains information about the amount and distribution of illness, its effects in terms of disability and chronic impairments, and the kinds of health services people receive. Provides a continuous sampling and interviewing of the civilian, noninstitutionalized population of the United States. Supplemental data provide information on topics such as AIDS knowledge and attitudes, child health care and immunization, dental care, substance abuse, hospitalization, preventive care, nursing care, prosthetic appliances, and self-care. Supplements on Aging (SOA) conducted in 1984 and 1994 and the 1984-1990 Longitudinal Study of Aging (LSOA) were designed to furnish information on the causes and correlates of changes in the health and functioning of older Americans. Another component is the National Health Interview Survey on Disability (NHIS-D). Begun in 1994, the NHIS-D was designed to collect data that can be used to understand disability and to develop public policy on disability. Starting in 1997, the NHIS was redesigned to include a basic module, a periodic module, and a topical module. The basic module corresponds to the NHIS core questionnaire and is made up of the family core, the sample adult core, and the sample child core questions. The periodic module provides more detailed information on topics resulting from the basic module. The topical modules correspond to the supplements of the 1982-1996 NHIS and focus on public health data needs as they arise. 1987 and 1988 main surveys are not on ICPSR. They are on the <a href="https://www.cdc.gov/nchs/nhis/data-questionnaires-documentation.htm?CDC_AA_refVal=https%3A%2F%2Fwww.cdc.gov%2Fnchs%2Fnhis%2Fquest_data_related_1996_prior.htm">NHIS site</a> and <a href="https://www.cdc.gov/nchs/nhis/data-questionnaires-documentation.htm?CDC_AA_refVal=https%3A%2F%2Fwww.cdc.gov%2Fnchs%2Fnhis%2Fquest_data_related_1997_forward.htm">newer data</a> may also be present on the NHIS site. In addition, files for 1990-1994 that contain NHIS public-use data which has been enhanced to allow for the production of direct state estimates are on the <a href="https://dss.princeton.edu/studies/56">DSS Server</a>. Also see the <a href="https://www.cdc.gov/nchs/nhis/nhpi.html">Native Hawaiian and Pacific Islander National Health Interview Survey</a> and the <a href="https://www.ihis.us/ihis/index.shtml">Integrated Health Interview Survey Series</a>. 	Quantitative			United States of America				English					2026-01-13
United States Healthcare Spending by Race and Ethnicity 2002-2016	http://ghdx.healthdata.org/record/ihme-data/united-states-healthcare-spending-race-and-ethnicity-2002-2016	Dataset							Includes estimates of total health care spending in the US for 6 race/ethnicity groups by 6 types of care, sex, 19 age groups, and 7 health condition, as well as an aggregate of all health conditions, for the years 2002-2016. To produce these estimates, data on self-reported race and Hispanic ethnicity, age, sex, insurance coverage, knowledge of having key health conditions, and information about health system encounters (visits, admission, or prescriptions), diagnoses, and healthcare spending were extracted from the Medical Expenditure Panel Survey (2002-2016), the National Health Interview Survey (2002; 2016), and the Medicare Current Beneficiary Survey (2002-2012). These data were combined with healthcare spending estimates form the <a href="http://www.healthdata.org/dex" target="_blank">Disease Expenditure Project</a> (1996-2016). Estimates are reported in inflation-adjusted 2016 US dollars. 	Quantitative			United States of America				English					2026-01-13
Indigenous Nations and the Development of the U.S. Economy: Land, Resources, and Dispossession	https://www.openicpsr.org/openicpsr/project/161181	Dataset							These are the data to replicate the primary figures and tables from &quot;<a href="https://egc.yale.edu/sites/default/files/Economic%20History%20Conferences/2021-09/ADA%20single%20spaced%20ada-ns.pdf">Indigenous Nations and the Development of the U.S. Economy: Land, Resources, and Dispossession</a>. 	Quantitative			United States of America				English					2026-01-13
CDC and OMH Social Vulnerability Index (Minority Health SVI)	https://www.minorityhealth.hhs.gov/minority-health-SVI/?utm_campaign=fyi_newsletter&utm_medium=email&utm_source=govdelivery	Dataset							The Centers for Disease Control and Prevention (CDC) and U.S. Department of Health and Human Services (HHS) Office of Minority Health developed the Minority Health Social Vulnerability Index (SVI) to enhance existing resources to support the identification of racial and ethnic minority communities at greatest risk for disproportionate impact and adverse outcomes due to the COVID-19 pandemic. Given evidence on common factors contributing to social vulnerability, the MH SVI could potentially be applied to other public health emergencies.	Quantitative			United States of America				English					2026-01-13
National Survey of Tribal Court Systems, 2014	https://www.icpsr.umich.edu/web/NACJD/studies/38409	Dataset							First complete enumeration of tribal court systems operating in the United States and gathers administrative and operational information from tribal court systems, prosecutors&#39; offices, and indigent defense providers operating in the United States.&nbsp; Consists of 3 surveys specific to tribal court systems in the lower 48 states, Alaska Native villages, and the Code of Federal Regulations Courts (CFR Courts) operated by the Bureau of Indian Affairs (BIA). Due to data collection challenges and the limited number of Alaska Native villages and CFR Courts that participated in this collection, the Tribal Courts in United States, 2014, report, data file and documentation include information only on tribal court systems in the lower 48 states.    Data for the 2014 NSTCS were collected through mail, email, and telephone nonresponse follow-up. Data on the number and type of tribal court systems were obtained from all eligible federally recognized tribes. The final universe of eligible respondents in the lower 48 states included 234 tribal court systems, of which 196 (83.8%) participated in the survey. 	Quantitative			United States of America				English					2026-01-13
Doris Duke Collection of American Indian Oral History	https://digital.libraries.ou.edu/whc/duke/	Dataset							The Duke Collection of American Indian Oral History collection is part of the Western History Collections residing at the University of Oklahoma. It provides online access to typescripts of interviews (1967 -1972) conducted with hundreds of Indians in Oklahoma regarding the histories and cultures of their respective nations and tribes. Related are accounts of Indian ceremonies, customs, social conditions, philosophies, and standards of living. Members of every tribe resident in Oklahoma were interviewed. The collection includes the original tapes on which the interviews were recorded, as well as microfiche copies of the typescripts. The digital representation of the typescripts are organized by tribe but may be searched by interviewee, by interviewer, by tape number, or by keyword searching of the full-text of the transcript. 	Quantitative			United States of America				English					2026-01-13
Data on Racialized Populations 	https://learn.scholarsportal.info/featured/data-on-racialized-populations/	Dataset							Guide consisting of a curated list of datasets that include ethnicity and race variables which can be used to facilitate anti-racism research in Canada. Although not comprehensive, the intention is to provide a starting point for researchers investigating topics about anti-racism and the impact of racism. 	Quantitative			Canada									2026-01-13
United States Mortality Rates and Life Expectancy by County, Race, and Ethnicity 1990-2019	https://ghdx.healthdata.org/record/ihme-data/united-states-life-expectancy-by-state-white-black-hispanic-race-ethnicity-1990-2019	Dataset							Estimates were produced for mortality rates, life expectancy, and population at the state level in the United States, and by racial/ethnic group, for each year between 1990-2019. These estimates were produced using population and deaths data from the National Center for Health Statistics. 	Quantitative			United States of America				English					2026-01-13
Prejudice and Politics Series 	https://www.icpsr.umich.edu/web/ICPSR/series/1800	Dataset							Unique sequence of studies of the politics of intolerance. Beginning with the Bay Area Race and Politics study, the P&amp;P series went beyond simple question wording experiments (e.g., Form A vs. Form B) and pioneered the use of computer-assisted interviewing to incorporate more complex randomized experiments into studies of public opinion.&nbsp; Each subsequent study introduced multiple original designs for survey experiments and counter-arguments. The P&amp;P series provides a map of the development of theories of prejudice and politics, starting with race in America, then expanding to consider Muslims and multiculturalism in Western Europe. 	Quantitative			Italy; Netherlands; United States of America									2026-01-13
Reflective Democracy Campaign - Datasets	https://wholeads.us/datasets/	Dataset							The Reflective Democracy Campaign investigates and confronts the demographics of power in the United States. Our research and analysis explore how far we've come and how far we have to go in achieving a democracy whose leaders reflect all of America, and we fund and spearhead innovative models for transforming a political system tha's been hard-wired to exclude women and people of color. 	Quantitative			United States of America				English					2026-01-13
Casino City's Indian Gaming Report  	https://www.casinocitypress.com/gamingalmanac/indiangamingreport/	Dataset							Covers the Indian Gaming Segment of the U.S. Gaming Industry with the Latest Nationwide and State Facts.	Quantitative			United States of America				English					2026-01-13
Effects of Roads on Indigenous People's Well-Being and Use of Natural Resources. A Natural Experiment in Lowland Bolivia, 2010-2013	https://www.icpsr.umich.edu/web/ICPSR/studies/38556	Dataset							This study looks to improve estimates of the effects of the road on the well-being of indigenous peoples and on their use of natural resources. The investigators use a natural experiment based on the construction of a road through a national park inhabited by three native Amazonian groups in Bolivia. The research lasted three years (1/2010-12/2012) and took place in villages in Parque Nacional Isiboro-Secure inhabited by native Amazonians (Tsimane, Yuracare, and Moxenos). The study includes a baseline or pre-intervention study during 2010 (before the road was built) and 2 annual follow-up surveys (2011 and 2012) immediately after the construction of the road (2011).  The variables in the data indicate measures of well-being and natural resource extraction. The measures of well-being include: (a) village income and status inequality, (b) intra-household disparities, and (c) individual cash income, (d) social capital, and (e) emotions. The measures of use of natural resources include the extraction of natural resources used for sale and for own consumption. The units of analysis are villages, households, and individuals.	Quantitative			Bolivia 									2026-01-13
Income and Inequality in the Aztec Empire on the Eve of the Spanish Conquest	https://www.openicpsr.org/openicpsr/project/186521	Dataset							Today, Latin American countries are characterized by relatively high levels of economic inequality. This circumstance has often been considered a long-run consequence of the Conquest and of the highly extractive institutions imposed by the colonizers. We show that, in the case of the Aztec Empire, high inequality predates the Spanish Conquest. We reach this conclusion by estimating levels of income inequality and of imperial extraction across the Empire. We find that the richest 1% earned 41.8% of the total income, while the income share of the poorest 50% was just 23.3%. We also argue that those provinces which had resisted the Aztec expansion suffered from relatively harsh conditions, including higher taxes, in the context of the imperial system &ndash; and were the first to rebel, allying themselves with the Spaniards. After the Spanish-Aztec War, the colonial elites inherited pre-existing extractive institutions, and added additional layers of social and economic inequality. 	Quantitative			Mexico									2026-01-13
 First Nations Information Governance Centre	https://fnigc.ca/	Dataset							The First Nations Information Governance Centre envisions that every First Nation will achieve data sovereignty in alignment with its distinct world view.&quot;&nbsp; &quot;With First Nations, we assert data sovereignty and support the development of information governance and management at the community level through regional and national partnerships. We adhere to free, prior and informed consent, respect nation-to-nation relationships, and recognize the distinct customs of nations. 	Quantitative			Canada									2026-01-13
Plan de Vidas, Communal Management Plans, of Indigenous Communities in Peruvian Amazonia, 2020-2023	https://doi.org/10.5255/UKDA-SN-856715	Dataset							The attached data is in the form Planes de Vidas (communal management plans) of Indigenous communities on the Inuya and Puruacutes Rivers, in Peruvian Amazonia. These were produced using collaborative approaches to collect and record data from the communities. As well as offering key data on specific communities, the Planes de Vidas also outline issues each community currently faces as well as community members&rsquo; own agreed plans and aspirations for the future. The ones included here were produced as part of a project, &ldquo;The Making of an Integrated Landscape of Conservation&rdquo; centred on supporting Indigenous communities within Peru&rsquo;s designated the Puruacutes-Manuacute; conservation corridor to evaluate the social, environmental and development challenges they face and then plan pathways to their desired futures. The Planes de Vidas include information on the natural resources, history, economics, politics, and social and cultural aspects of the communities. As well as collecting data from physical observations and measurements, socio-cultural and historical data was collected in collaborative, communal workshops and discussions with a range of representative participants from all parts of the communities. The specific Comunidades Nativas included are San Juan de Inuya, Bola de Oro, Catay, Renacimiento Ash&aacute;ninca, San Marcos and Sinai. N.b. all documents are in Spanish.  Focused on the Purus-Manu conservation corridor in Peruvian Amazonia and innovating around Plan de Vida methodologies, the project centres on supporting Indigenous communities to evaluate the social, environmental and development challenges they face and then plan pathways to their desired futures. Drawing on the project team&rsquo;s wider collaborative network of relevant, Indigenous federations and institutions and governmental and non-governmental organisations the project then seeks to engage with the challenges raised by the research to inform relevant actions, interventions and guide policy changes. 	Quantitative			Peru									2026-01-13
Tribal Justice, Tribal Court: Strengthening Tribal Justice Systems Using Restorative Approaches, South Dakota, 2022	https://www.icpsr.umich.edu/web/ICPSR/studies/38825	Dataset							The purpose of this project was to develop a culturally relevant crime seriousness index specific to the Sisseton-Wahpeton Oyate (SWO) tribe while working closely with community partners. Informal background interviews with key stakeholders provided a foundation on traditional crime management by the community. These interviews informed the creation of an SWO-specific adaptation of the Sellin-Wolfgang crime seriousness index following an online survey conducted in 2022 with SWO community members (n=44 completed surveys).	Quantitative			United States of America				English					2026-01-13
Tiller’s Guide to Indian Country: Economic Profiles of American Indian Reservations (1996, 2005, 2015)	https://search.worldcat.org/title/920519599								This reference edition tells the collective story of the little-known economic success attained by tribal enterprises owned by the 568 Indian tribes and Alaskan Native villages in thirty-three states. It profiles 568 tribe's history and culture, with detailed information about their communities, natural resources, enterprises, and environmental concerns, as well as their contact information	Mixed			United States of America				English				Indigenous Place Name column not found here	2026-01-13
The Residential Schools Land Memory Atlas	https://residentialschoolsatlas.org/index.html?module=module.residential_schools	Dataset							The Residential Schools Land Memory Atlas is the digital aspect of a five-year project funded by the Social Sciences and Humanities Research Council (SSHRC). The project emerged from collaborative research in partnership with the Shingwauk Residential Schools Centre (SRSC) to create the cybercartographic Lake Huron Treaty Atlas (LHTA; lhta.ca)	Mixed			Canada				English					2026-01-15
Indigenous Geographical Names in Canada	https://www.arcgis.com/home/item.html?id=beab36e26cba482f9430b017693fb46e	Dataset		2022					In Canada, close to 30,000 official place names are of Indigenous origin, and efforts are ongoing to restore traditional names to reflect Indigenous cultures. The Indigenous Geographical Names dataset includes the names of populated places and administrative areas, water features such as lakes, rivers and bays, and terrain features like mountains, capes and valleys. This dataset was extracted from the Canadian Geographical Names Database, Canada's authoritative national database of place names and contains over 60 Indigenous languages with origins in First Nations, Inuit and Métis world-views. As more Indigenous names in the Canadian Geographical Names Database are identified and as more Indigenous names are officially recognized and adopted, the dataset will continue to grow and is updated weekly to reflect any changes.				Canada									2026-01-15
Indigenous Lands of Canada	https://www.arcgis.com/home/item.html?id=5d20937d013f429f802d05a5790e87c5	Dataset		2025					The Indigenous Lands dataset depicts the administrative boundaries of lands where the title has been vested in specific Aboriginal Groups of Canada or were set aside for their exclusive benefit. The dataset includes but is not limited to; Indian Reserves, Cree-Naskapi Category 1A and 1A-N Lands, Yukon First Nation Settlement Lands, Kanesatake Mohawk Interim Land Base, the Inuit Owned Lands, Tlicho Lands, Inuvialuit Lands, Gwich’in Lands, and Sahtu Lands. The dataset is maintained monthly by the Surveyor General Branch (SGB).				Canada									2026-01-15
First Nations geographic location dataset	https://www.arcgis.com/home/item.html?id=5d20937d013f429f802d05a5790e87c5	Dataset		2025					The First Nations geographic location dataset contains the geographic location of each First Nation’s administrative office address as it is registered in the Indigenous Services Canada (ISC) Band Governance Management System (BGMS). This dataset is the official source of First Nation geographic locations for Crown-Indigenous Relations and Northern Affairs Canada (CIRNAC) and Indigenous Services Canada (ISC).				Canada									2026-01-15
Tribal Council Locations in Canada	https://www.arcgis.com/home/item.html?id=ed0b2c27ea384b7a934b9dd08b796623	Dataset		2025					The tribal council geographic location dataset is the official source for Tribal Councils geographic map location for Indigenous Services Canada (ISC) and Crown-Indigenous Relations and Northern Affairs Canada (CIRNAC). Each tribal council point represents an address as it is registered in Indigenous and Northern Affairs Canada (INAC) Indian Government Support System (IGSS). A connection with the IGSS is in place to ensure that any update to the system is reflected in the attributes data associated with the geography of each tribal council.				Canada									2026-01-15
Remote Communities Energy Database	https://www.arcgis.com/home/item.html?id=2591d6a48b4841dbbda33ec9a56990a5	Dataset		2025					The Remote Communities Energy Database is the only national data source on energy sources in remote communities that is publicly available in one centralized location. The database is a tool designed to collect and display pertinent information about the generation and use of electricity and other energy sources for all remote communities in Canada. This data is collected from several sources, including Indigenous and Northern Affairs Canada (INAC), Natural Resources Canada (NRCan) and various stakeholders involved in these communities.				Canada									2026-01-15
Indigenous Community Infrastructure	https://www.arcgis.com/home/item.html?id=a3777c77ee884194940be9a930f77243	Dataset		2025					The Indigenous Community Infrastructure dataset presents infrastructure projects across Canada that are supported by Indigenous Services Canada (ISC) supported by targeted infrastructure funding. The communities linked to these projects on the map are First Nations, Tribal Councils or other Indigenous organizations that have received project funds and/or are intended users of these projects. The dataset is used to showcase where and how investments are carried out and demonstrate the government’s commitment to addressing socio-economic gaps between Indigenous and non-Indigenous communities in Canada and improving access to high-quality services. The dataset is updated quarterly to reflect new or changes to existing projects.				Canada									2026-01-15
Indigenous Mining Agreements dataset	https://www.arcgis.com/home/item.html?id=da28c4c37d7248ecb371aa645b0515a3	Dataset		2025					The Indigenous Mining Agreements dataset shows the location of and provides information on the Indigenous community's signatory to agreements, the types of agreements negotiated, exploration projects, and producing mines. The dataset is maintained and updated on an annual basis.  The following three datasets are included in the Crown-Indigenous treaties and agreements geospatial dataset collection. They represent the geographic boundaries of the solemn agreements between the Crown and Indigenous peoples that set out promises, obligations and benefits for parties.				Canada									2026-01-15
Modern Treaties (formerly known as the Post-1975 Treaties) dataset	https://www.arcgis.com/home/item.html?id=62d404d95e6b4b4194ad67343052d726	Dataset		2025					The Modern Treaties (formerly known as the Post-1975 Treaties) dataset contains geographic boundaries as well as basic attribute data representing signed agreements that were negotiated between Indigenous groups, the Government of Canada and provincial and territorial governments after 1975. These boundaries represent the result of a negotiated First Nation’s claimed area. These boundaries are usually not surveyed but help to delineate the geographic extent of the rights of Indigenous beneficiaries defined within the agreement.				Canada									2026-01-15
Historic Treaties in Canada	https://www.arcgis.com/home/item.html?id=8650105f00714bc69116ac7354bc10b2	Dataset		2025					The Historic Treaties (formerly known as the Pre-1975 Treaties) dataset contains geographic boundaries as well as basic attribute data representing signed treaties that were negotiated between Indigenous peoples and the Crown between 1725 and 1929. These boundaries represent the historic treaties signed after 1763, which designated large areas of First Nations land, to the Crown (transferring their Aboriginal title to the Crown) in exchange for reserve lands and other benefits.				Canada									2026-01-15
Indigenous Agreements in Canada	https://www.arcgis.com/home/item.html?id=b162c58566b34c8d86481c33090ce565	Dataset		2025					The Indigenous agreements dataset contains geographic boundaries as well as basic attribute data representing established protocols in place for consultation processes, self-government agreements and other signed agreements between Indigenous groups and the Crown. These arrangements address many Indigenous and northern affairs related matters, such as education, economic development, child and family services, health, and housing, that have not been addressed by treaties or through other means.				Canada									2026-01-15